

Microchip MPLAB XC8 Assembler V2.50 build 20240725155939 
                                                                                               Wed Sep 16 22:33:01 2026

Microchip MPLAB XC8 C Compiler v2.50 (Free license) build 20240725155939 Og1 
     1                           	processor	16F877A
     2                           	pagewidth 120
     3                           	opt	flic
     4                           	psect	cinit,global,class=CODE,space=0,merge=1,delta=2
     5                           	psect	bssCOMMON,global,class=COMMON,space=1,delta=1,noexec
     6                           	psect	bssBANK0,global,class=BANK0,space=1,delta=1,noexec
     7                           	psect	cstackCOMMON,global,class=COMMON,space=1,delta=1,noexec
     8                           	psect	maintext,global,class=CODE,space=0,split=1,delta=2
     9                           	psect	text1,local,class=CODE,space=0,merge=1,delta=2
    10                           	psect	text2,local,class=CODE,space=0,merge=1,delta=2
    11                           	psect	text3,local,class=CODE,space=0,merge=1,delta=2
    12                           	psect	config,global,abs,ovrld,class=CONFIG,space=4,delta=2,noexec
    13                           	dabs	1,0x7E,2
    14     0000                     
    15                           ; Generated 12/10/2023 GMT
    16                           ; 
    17                           ; Copyright © 2023, Microchip Technology Inc. and its subsidiaries ("Microchip")
    18                           ; All rights reserved.
    19                           ; 
    20                           ; This software is developed by Microchip Technology Inc. and its subsidiaries ("Microch
      +                          ip").
    21                           ; 
    22                           ; Redistribution and use in source and binary forms, with or without modification, are
    23                           ; permitted provided that the following conditions are met:
    24                           ; 
    25                           ;     1. Redistributions of source code must retain the above copyright notice, this lis
      +                          t of
    26                           ;        conditions and the following disclaimer.
    27                           ; 
    28                           ;     2. Redistributions in binary form must reproduce the above copyright notice, this 
      +                          list
    29                           ;        of conditions and the following disclaimer in the documentation and/or other
    30                           ;        materials provided with the distribution. Publication is not required when
    31                           ;        this file is used in an embedded application.
    32                           ; 
    33                           ;     3. Microchip's name may not be used to endorse or promote products derived from th
      +                          is
    34                           ;        software without specific prior written permission.
    35                           ; 
    36                           ; THIS SOFTWARE IS PROVIDED BY MICROCHIP "AS IS" AND ANY EXPRESS OR IMPLIED WARRANTIES,
    37                           ; INCLUDING, BUT NOT LIMITED TO, THE IMPLIED WARRANTIES OF MERCHANTABILITY AND FITNESS F
      +                          OR
    38                           ; PURPOSE ARE DISCLAIMED.  IN NO EVENT SHALL MICROCHIP BE LIABLE FOR ANY DIRECT, INDIREC
      +                          T,
    39                           ; INCIDENTAL, SPECIAL, EXEMPLARY, OR CONSEQUENTIAL DAMAGES (INCLUDING BUT NOT LIMITED TO
    40                           ; PROCUREMENT OF SUBSTITUTE GOODS OR SERVICES; LOSS OF USE, DATA OR PROFITS; OR BUSINESS
    41                           ; INTERRUPTION) HOWSOEVER CAUSED AND ON ANY THEORY OF LIABILITY, WHETHER IN CONTRACT, ST
      +                          RICT
    42                           ; LIABILITY, OR TORT (INCLUDING NEGLIGENCE OR OTHERWISE) ARISING IN ANY WAY OUT OF THE U
      +                          SE OF
    43                           ; THIS SOFTWARE, EVEN IF ADVISED OF THE POSSIBILITY OF SUCH DAMAGE.
    44                           ; 
    45                           ; 
    46                           ; Code-generator required, PIC16F877A Definitions
    47                           ; 
    48                           ; SFR Addresses
    49     0004                     fsr             equ	4
    50     0004                     fsr0            equ	4
    51     0000                     indf            equ	0
    52     0000                     indf0           equ	0
    53     0002                     pc              equ	2
    54     0002                     pcl             equ	2
    55     000A                     pclath          equ	10
    56     0003                     status          equ	3
    57     0000                     INDF            equ	0	;# 
    58     0001                     TMR0            equ	1	;# 
    59     0002                     PCL             equ	2	;# 
    60     0003                     STATUS          equ	3	;# 
    61     0004                     FSR             equ	4	;# 
    62     0005                     PORTA           equ	5	;# 
    63     0006                     PORTB           equ	6	;# 
    64     0007                     PORTC           equ	7	;# 
    65     0008                     PORTD           equ	8	;# 
    66     0009                     PORTE           equ	9	;# 
    67     000A                     PCLATH          equ	10	;# 
    68     000B                     INTCON          equ	11	;# 
    69     000C                     PIR1            equ	12	;# 
    70     000D                     PIR2            equ	13	;# 
    71     000E                     TMR1            equ	14	;# 
    72     000E                     TMR1L           equ	14	;# 
    73     000F                     TMR1H           equ	15	;# 
    74     0010                     T1CON           equ	16	;# 
    75     0011                     TMR2            equ	17	;# 
    76     0012                     T2CON           equ	18	;# 
    77     0013                     SSPBUF          equ	19	;# 
    78     0014                     SSPCON          equ	20	;# 
    79     0015                     CCPR1           equ	21	;# 
    80     0015                     CCPR1L          equ	21	;# 
    81     0016                     CCPR1H          equ	22	;# 
    82     0017                     CCP1CON         equ	23	;# 
    83     0018                     RCSTA           equ	24	;# 
    84     0019                     TXREG           equ	25	;# 
    85     001A                     RCREG           equ	26	;# 
    86     001B                     CCPR2           equ	27	;# 
    87     001B                     CCPR2L          equ	27	;# 
    88     001C                     CCPR2H          equ	28	;# 
    89     001D                     CCP2CON         equ	29	;# 
    90     001E                     ADRESH          equ	30	;# 
    91     001F                     ADCON0          equ	31	;# 
    92     0081                     OPTION_REG      equ	129	;# 
    93     0085                     TRISA           equ	133	;# 
    94     0086                     TRISB           equ	134	;# 
    95     0087                     TRISC           equ	135	;# 
    96     0088                     TRISD           equ	136	;# 
    97     0089                     TRISE           equ	137	;# 
    98     008C                     PIE1            equ	140	;# 
    99     008D                     PIE2            equ	141	;# 
   100     008E                     PCON            equ	142	;# 
   101     0091                     SSPCON2         equ	145	;# 
   102     0092                     PR2             equ	146	;# 
   103     0093                     SSPADD          equ	147	;# 
   104     0094                     SSPSTAT         equ	148	;# 
   105     0098                     TXSTA           equ	152	;# 
   106     0099                     SPBRG           equ	153	;# 
   107     009C                     CMCON           equ	156	;# 
   108     009D                     CVRCON          equ	157	;# 
   109     009E                     ADRESL          equ	158	;# 
   110     009F                     ADCON1          equ	159	;# 
   111     010C                     EEDATA          equ	268	;# 
   112     010D                     EEADR           equ	269	;# 
   113     010E                     EEDATH          equ	270	;# 
   114     010F                     EEADRH          equ	271	;# 
   115     018C                     EECON1          equ	396	;# 
   116     018D                     EECON2          equ	397	;# 
   117     0000                     INDF            equ	0	;# 
   118     0001                     TMR0            equ	1	;# 
   119     0002                     PCL             equ	2	;# 
   120     0003                     STATUS          equ	3	;# 
   121     0004                     FSR             equ	4	;# 
   122     0005                     PORTA           equ	5	;# 
   123     0006                     PORTB           equ	6	;# 
   124     0007                     PORTC           equ	7	;# 
   125     0008                     PORTD           equ	8	;# 
   126     0009                     PORTE           equ	9	;# 
   127     000A                     PCLATH          equ	10	;# 
   128     000B                     INTCON          equ	11	;# 
   129     000C                     PIR1            equ	12	;# 
   130     000D                     PIR2            equ	13	;# 
   131     000E                     TMR1            equ	14	;# 
   132     000E                     TMR1L           equ	14	;# 
   133     000F                     TMR1H           equ	15	;# 
   134     0010                     T1CON           equ	16	;# 
   135     0011                     TMR2            equ	17	;# 
   136     0012                     T2CON           equ	18	;# 
   137     0013                     SSPBUF          equ	19	;# 
   138     0014                     SSPCON          equ	20	;# 
   139     0015                     CCPR1           equ	21	;# 
   140     0015                     CCPR1L          equ	21	;# 
   141     0016                     CCPR1H          equ	22	;# 
   142     0017                     CCP1CON         equ	23	;# 
   143     0018                     RCSTA           equ	24	;# 
   144     0019                     TXREG           equ	25	;# 
   145     001A                     RCREG           equ	26	;# 
   146     001B                     CCPR2           equ	27	;# 
   147     001B                     CCPR2L          equ	27	;# 
   148     001C                     CCPR2H          equ	28	;# 
   149     001D                     CCP2CON         equ	29	;# 
   150     001E                     ADRESH          equ	30	;# 
   151     001F                     ADCON0          equ	31	;# 
   152     0081                     OPTION_REG      equ	129	;# 
   153     0085                     TRISA           equ	133	;# 
   154     0086                     TRISB           equ	134	;# 
   155     0087                     TRISC           equ	135	;# 
   156     0088                     TRISD           equ	136	;# 
   157     0089                     TRISE           equ	137	;# 
   158     008C                     PIE1            equ	140	;# 
   159     008D                     PIE2            equ	141	;# 
   160     008E                     PCON            equ	142	;# 
   161     0091                     SSPCON2         equ	145	;# 
   162     0092                     PR2             equ	146	;# 
   163     0093                     SSPADD          equ	147	;# 
   164     0094                     SSPSTAT         equ	148	;# 
   165     0098                     TXSTA           equ	152	;# 
   166     0099                     SPBRG           equ	153	;# 
   167     009C                     CMCON           equ	156	;# 
   168     009D                     CVRCON          equ	157	;# 
   169     009E                     ADRESL          equ	158	;# 
   170     009F                     ADCON1          equ	159	;# 
   171     010C                     EEDATA          equ	268	;# 
   172     010D                     EEADR           equ	269	;# 
   173     010E                     EEDATH          equ	270	;# 
   174     010F                     EEADRH          equ	271	;# 
   175     018C                     EECON1          equ	396	;# 
   176     018D                     EECON2          equ	397	;# 
   177     0007                     _PORTC          set	7
   178     0008                     _PORTD          set	8
   179     0048                     _RE0            set	72
   180     0034                     _RB4            set	52
   181     0033                     _RB3            set	51
   182     0032                     _RB2            set	50
   183     0031                     _RB1            set	49
   184     0037                     _RB7            set	55
   185     0036                     _RB6            set	54
   186     0035                     _RB5            set	53
   187     003A                     _RC2            set	58
   188     0038                     _RC0            set	56
   189     0039                     _RC1            set	57
   190     0089                     _TRISE          set	137
   191     009F                     _ADCON1         set	159
   192     0081                     _OPTION_REG     set	129
   193     0086                     _TRISB          set	134
   194     0088                     _TRISD          set	136
   195     0087                     _TRISC          set	135
   196                           
   197                           	psect	cinit
   198     07F4                     start_initialization:	
   199                           ; #config settings
   200                           
   201     07F4                     __initialization:
   202                           
   203                           ; Clear objects allocated to COMMON
   204     07F4  01FA               	clrf	__pbssCOMMON& (0+127)
   205                           
   206                           ; Clear objects allocated to BANK0
   207     07F5  1283               	bcf	3,5	;RP0=0, select bank0
   208     07F6  1303               	bcf	3,6	;RP1=0, select bank0
   209     07F7  01A0               	clrf	__pbssBANK0& (0+127)
   210     07F8  01A1               	clrf	(__pbssBANK0+1)& (0+127)
   211     07F9  01A2               	clrf	(__pbssBANK0+2)& (0+127)
   212     07FA  01A3               	clrf	(__pbssBANK0+3)& (0+127)
   213     07FB  01A4               	clrf	(__pbssBANK0+4)& (0+127)
   214     07FC                     end_of_initialization:	
   215                           ;End of C runtime variable initialization code
   216                           
   217     07FC                     __end_of__initialization:
   218     07FC  0183               	clrf	3
   219     07FD  120A  118A  2D37   	ljmp	_main	;jump to C main() function
   220                           
   221                           	psect	bssCOMMON
   222     007A                     __pbssCOMMON:
   223     007A                     _letter_index:
   224     007A                     	ds	1
   225                           
   226                           	psect	bssBANK0
   227     0020                     __pbssBANK0:
   228     0020                     _letter:
   229     0020                     	ds	5
   230                           
   231                           	psect	cstackCOMMON
   232     0070                     __pcstackCOMMON:
   233     0070                     ?_buzz:
   234     0070                     ?_send:	
   235                           ; 1 bytes @ 0x0
   236                           
   237     0070                     ?_check_password:	
   238                           ; 1 bytes @ 0x0
   239                           
   240     0070                     ?_main:	
   241                           ; 1 bytes @ 0x0
   242                           
   243     0070                     send@rs:	
   244                           ; 2 bytes @ 0x0
   245                           
   246     0070                     ??_buzz:	
   247                           ; 1 bytes @ 0x0
   248                           
   249                           
   250                           ; 1 bytes @ 0x0
   251     0070                     	ds	1
   252     0071                     ??_send:
   253                           
   254                           ; 1 bytes @ 0x1
   255     0071                     	ds	2
   256     0073                     send@value:
   257                           
   258                           ; 1 bytes @ 0x3
   259     0073                     	ds	1
   260     0074                     ??_check_password:
   261                           
   262                           ; 1 bytes @ 0x4
   263     0074                     	ds	3
   264     0077                     ??_main:
   265                           
   266                           ; 1 bytes @ 0x7
   267     0077                     	ds	3
   268                           
   269                           	psect	maintext
   270     0537                     __pmaintext:	
   271 ;;
   272 ;;Main: autosize = 0, tempsize = 3, incstack = 0, save=0
   273 ;;
   274 ;; *************** function _main *****************
   275 ;; Defined at:
   276 ;;		line 100 in file "main.c"
   277 ;; Parameters:    Size  Location     Type
   278 ;;		None
   279 ;; Auto vars:     Size  Location     Type
   280 ;;		None
   281 ;; Return value:  Size  Location     Type
   282 ;;                  2   58[None  ] int 
   283 ;; Registers used:
   284 ;;		wreg, fsr0l, fsr0h, status,2, status,0, pclath, cstack
   285 ;; Tracked objects:
   286 ;;		On entry : B00/0
   287 ;;		On exit  : 0/0
   288 ;;		Unchanged: 0/0
   289 ;; Data sizes:     COMMON   BANK0   BANK1   BANK3   BANK2
   290 ;;      Params:         0       0       0       0       0
   291 ;;      Locals:         0       0       0       0       0
   292 ;;      Temps:          3       0       0       0       0
   293 ;;      Totals:         3       0       0       0       0
   294 ;;Total ram usage:        3 bytes
   295 ;; Hardware stack levels required when called: 2
   296 ;; This function calls:
   297 ;;		_check_password
   298 ;;		_send
   299 ;; This function is called by:
   300 ;;		Startup code after reset
   301 ;; This function uses a non-reentrant model
   302 ;;
   303                           
   304     0537                     _main:	
   305                           ;psect for function _main
   306                           
   307     0537                     l1080:	
   308                           ;incstack = 0
   309                           ; Regs used in _main: [wreg-fsr0h+status,2+status,0+pclath+cstack]
   310                           
   311                           
   312                           ;main.c: 103:     send(0x38, 0);
   313     0537  1683               	bsf	3,5	;RP0=1, select bank1
   314     0538  1303               	bcf	3,6	;RP1=0, select bank1
   315     0539  0187               	clrf	7	;volatile
   316                           
   317                           ;main.c: 104:     send(0x0C, 0);
   318     053A  0188               	clrf	8	;volatile
   319                           
   320                           ;main.c: 106:     _delay((unsigned long)((10)*(20000000UL/4000.0)));
   321     053B  1283               	bcf	3,5	;RP0=0, select bank0
   322     053C  1303               	bcf	3,6	;RP1=0, select bank0
   323     053D  0187               	clrf	7	;volatile
   324                           
   325                           ;main.c: 107:     send(0x06, 0);
   326     053E  0188               	clrf	8	;volatile
   327     053F                     l1082:
   328                           
   329                           ;main.c: 108:     TRISB = 0x1F;
   330     053F  3006               	movlw	6
   331     0540  00F9               	movwf	??_main+2
   332     0541  3013               	movlw	19
   333     0542  00F8               	movwf	??_main+1
   334     0543  30AD               	movlw	173
   335     0544  00F7               	movwf	??_main
   336     0545                     u857:
   337     0545  0BF7               	decfsz	??_main,f
   338     0546  2D45               	goto	u857
   339     0547  0BF8               	decfsz	??_main+1,f
   340     0548  2D45               	goto	u857
   341     0549  0BF9               	decfsz	??_main+2,f
   342     054A  2D45               	goto	u857
   343     054B  2D4C               	nop2
   344     054C                     l1084:
   345                           
   346                           ;main.c: 109: 
   347     054C  01F0               	clrf	send@rs
   348     054D  3030               	movlw	48
   349     054E  120A  118A  23F5  120A  118A  	fcall	_send
   350     0553                     l1086:
   351                           
   352                           ;main.c: 110:     OPTION_REG &= 0x7F;
   353     0553  3041               	movlw	65
   354     0554  00F8               	movwf	??_main+1
   355     0555  30EE               	movlw	238
   356     0556  00F7               	movwf	??_main
   357     0557                     u867:
   358     0557  0BF7               	decfsz	??_main,f
   359     0558  2D57               	goto	u867
   360     0559  0BF8               	decfsz	??_main+1,f
   361     055A  2D57               	goto	u867
   362     055B  0000               	nop
   363     055C                     l1088:
   364                           
   365                           ;main.c: 111: 
   366     055C  01F0               	clrf	send@rs
   367     055D  3030               	movlw	48
   368     055E  120A  118A  23F5  120A  118A  	fcall	_send
   369     0563                     l1090:
   370                           
   371                           ;main.c: 112:     ADCON1 = 0x0F;
   372     0563  3041               	movlw	65
   373     0564  00F8               	movwf	??_main+1
   374     0565  30EE               	movlw	238
   375     0566  00F7               	movwf	??_main
   376     0567                     u877:
   377     0567  0BF7               	decfsz	??_main,f
   378     0568  2D67               	goto	u877
   379     0569  0BF8               	decfsz	??_main+1,f
   380     056A  2D67               	goto	u877
   381     056B  0000               	nop
   382     056C                     l1092:
   383                           
   384                           ;main.c: 113: 
   385     056C  01F0               	clrf	send@rs
   386     056D  3030               	movlw	48
   387     056E  120A  118A  23F5  120A  118A  	fcall	_send
   388     0573                     l1094:
   389                           
   390                           ;main.c: 114:     letter_index = 0;
   391     0573  3041               	movlw	65
   392     0574  00F8               	movwf	??_main+1
   393     0575  30EE               	movlw	238
   394     0576  00F7               	movwf	??_main
   395     0577                     u887:
   396     0577  0BF7               	decfsz	??_main,f
   397     0578  2D77               	goto	u887
   398     0579  0BF8               	decfsz	??_main+1,f
   399     057A  2D77               	goto	u887
   400     057B  0000               	nop
   401     057C                     l1096:
   402                           
   403                           ;main.c: 115:     while(1)
   404     057C  01F0               	clrf	send@rs
   405     057D  3038               	movlw	56
   406     057E  120A  118A  23F5  120A  118A  	fcall	_send
   407     0583                     l1098:
   408                           
   409                           ;main.c: 116:     {
   410     0583  01F0               	clrf	send@rs
   411     0584  300C               	movlw	12
   412     0585  120A  118A  23F5  120A  118A  	fcall	_send
   413     058A                     l1100:
   414                           
   415                           ;main.c: 117:         RB5 = 0;RB6 = 1;RB7 = 1;
   416     058A  01F0               	clrf	send@rs
   417     058B  3001               	movlw	1
   418     058C  120A  118A  23F5  120A  118A  	fcall	_send
   419     0591                     l1102:
   420                           
   421                           ;main.c: 118:         if(RB1 == 0)
   422     0591  3041               	movlw	65
   423     0592  00F8               	movwf	??_main+1
   424     0593  30EE               	movlw	238
   425     0594  00F7               	movwf	??_main
   426     0595                     u897:
   427     0595  0BF7               	decfsz	??_main,f
   428     0596  2D95               	goto	u897
   429     0597  0BF8               	decfsz	??_main+1,f
   430     0598  2D95               	goto	u897
   431     0599  0000               	nop
   432     059A                     l1104:
   433                           
   434                           ;main.c: 119:         {
   435     059A  01F0               	clrf	send@rs
   436     059B  3006               	movlw	6
   437     059C  120A  118A  23F5  120A  118A  	fcall	_send
   438     05A1                     l1106:
   439                           
   440                           ;main.c: 120:             if(letter_index < 4)
   441     05A1  301F               	movlw	31
   442     05A2  1683               	bsf	3,5	;RP0=1, select bank1
   443     05A3  1303               	bcf	3,6	;RP1=0, select bank1
   444     05A4  0086               	movwf	6	;volatile
   445     05A5                     l1108:
   446                           
   447                           ;main.c: 122:                 send('A', 1);
   448     05A5  307F               	movlw	127
   449     05A6  0581               	andwf	1,f	;volatile
   450     05A7                     l1110:
   451                           
   452                           ;main.c: 124:                 letter[letter_index] = 'A';
   453     05A7  300F               	movlw	15
   454     05A8  009F               	movwf	31	;volatile
   455     05A9                     l1112:
   456                           
   457                           ;main.c: 126: 
   458     05A9  01FA               	clrf	_letter_index
   459     05AA                     l1114:
   460                           
   461                           ;main.c: 128:             };main.c: 129: 
   462     05AA  1283               	bcf	3,5	;RP0=0, select bank0
   463     05AB  1303               	bcf	3,6	;RP1=0, select bank0
   464     05AC  1286               	bcf	6,5	;volatile
   465     05AD                     l1116:
   466     05AD  1706               	bsf	6,6	;volatile
   467     05AE                     l1118:
   468     05AE  1786               	bsf	6,7	;volatile
   469     05AF                     l1120:
   470                           
   471                           ;main.c: 130:             if(letter_index == 4)
   472     05AF  1886               	btfsc	6,1	;volatile
   473     05B0  2DB2               	goto	u491
   474     05B1  2DB3               	goto	u490
   475     05B2                     u491:
   476     05B2  2DE2               	goto	l60
   477     05B3                     u490:
   478     05B3                     l1122:
   479                           
   480                           ;main.c: 131:             {;main.c: 132:                 check_password();
   481     05B3  3004               	movlw	4
   482     05B4  027A               	subwf	_letter_index,w
   483     05B5  1803               	skipnc
   484     05B6  2DB8               	goto	u501
   485     05B7  2DB9               	goto	u500
   486     05B8                     u501:
   487     05B8  2DD6               	goto	l1132
   488     05B9                     u500:
   489     05B9                     l1124:
   490                           
   491                           ;main.c: 133:             };main.c: 134:         }
   492     05B9  01F0               	clrf	send@rs
   493     05BA  0AF0               	incf	send@rs,f
   494     05BB  3041               	movlw	65
   495     05BC  120A  118A  23F5  120A  118A  	fcall	_send
   496     05C1                     l1126:
   497                           
   498                           ;main.c: 136:         {
   499     05C1  087A               	movf	_letter_index,w
   500     05C2  3E20               	addlw	(low (_letter| 0))& (0+255)
   501     05C3  0084               	movwf	4
   502     05C4  3041               	movlw	65
   503     05C5  1383               	bcf	3,7	;select IRP bank0
   504     05C6  0080               	movwf	0
   505     05C7                     l1128:
   506                           
   507                           ;main.c: 137:             if(letter_index < 4)
   508     05C7  3001               	movlw	1
   509     05C8  07FA               	addwf	_letter_index,f
   510     05C9                     l1130:
   511                           
   512                           ;main.c: 139:                 send('B', 1);
   513     05C9  3007               	movlw	7
   514     05CA  00F9               	movwf	??_main+2
   515     05CB  3058               	movlw	88
   516     05CC  00F8               	movwf	??_main+1
   517     05CD  3059               	movlw	89
   518     05CE  00F7               	movwf	??_main
   519     05CF                     u907:
   520     05CF  0BF7               	decfsz	??_main,f
   521     05D0  2DCF               	goto	u907
   522     05D1  0BF8               	decfsz	??_main+1,f
   523     05D2  2DCF               	goto	u907
   524     05D3  0BF9               	decfsz	??_main+2,f
   525     05D4  2DCF               	goto	u907
   526     05D5  2DD6               	nop2
   527     05D6                     l1132:
   528                           
   529                           ;main.c: 142:                 letter_index++;
   530     05D6  3004               	movlw	4
   531     05D7  067A               	xorwf	_letter_index,w
   532     05D8  1D03               	btfss	3,2
   533     05D9  2DDB               	goto	u511
   534     05DA  2DDC               	goto	u510
   535     05DB                     u511:
   536     05DB  2E6C               	goto	l1178
   537     05DC                     u510:
   538     05DC                     l1134:
   539                           
   540                           ;main.c: 143: ;main.c: 144:                 _delay((unsigned long)((250)*(20000000UL/400
      +                          0.0)));
   541     05DC  120A  118A  241B  120A  118A  	fcall	_check_password
   542     05E1  2E6C               	goto	l1178
   543     05E2                     l60:	
   544                           ;main.c: 147:             if(letter_index == 4)
   545                           
   546     05E2  1906               	btfsc	6,2	;volatile
   547     05E3  2DE5               	goto	u521
   548     05E4  2DE6               	goto	u520
   549     05E5                     u521:
   550     05E5  2E10               	goto	l64
   551     05E6                     u520:
   552     05E6                     l1136:
   553                           
   554                           ;main.c: 148:             {;main.c: 149:                 check_password();
   555     05E6  3004               	movlw	4
   556     05E7  027A               	subwf	_letter_index,w
   557     05E8  1803               	skipnc
   558     05E9  2DEB               	goto	u531
   559     05EA  2DEC               	goto	u530
   560     05EB                     u531:
   561     05EB  2E09               	goto	l1146
   562     05EC                     u530:
   563     05EC                     l1138:
   564                           
   565                           ;main.c: 150:             };main.c: 151:         }
   566     05EC  01F0               	clrf	send@rs
   567     05ED  0AF0               	incf	send@rs,f
   568     05EE  3042               	movlw	66
   569     05EF  120A  118A  23F5  120A  118A  	fcall	_send
   570     05F4                     l1140:
   571                           
   572                           ;main.c: 153:         {
   573     05F4  087A               	movf	_letter_index,w
   574     05F5  3E20               	addlw	(low (_letter| 0))& (0+255)
   575     05F6  0084               	movwf	4
   576     05F7  3042               	movlw	66
   577     05F8  1383               	bcf	3,7	;select IRP bank0
   578     05F9  0080               	movwf	0
   579     05FA                     l1142:
   580                           
   581                           ;main.c: 154:             if(letter_index < 4)
   582     05FA  3001               	movlw	1
   583     05FB  07FA               	addwf	_letter_index,f
   584     05FC                     l1144:
   585                           
   586                           ;main.c: 156:                 send('C', 1);
   587     05FC  3007               	movlw	7
   588     05FD  00F9               	movwf	??_main+2
   589     05FE  3058               	movlw	88
   590     05FF  00F8               	movwf	??_main+1
   591     0600  3059               	movlw	89
   592     0601  00F7               	movwf	??_main
   593     0602                     u917:
   594     0602  0BF7               	decfsz	??_main,f
   595     0603  2E02               	goto	u917
   596     0604  0BF8               	decfsz	??_main+1,f
   597     0605  2E02               	goto	u917
   598     0606  0BF9               	decfsz	??_main+2,f
   599     0607  2E02               	goto	u917
   600     0608  2E09               	nop2
   601     0609                     l1146:
   602                           
   603                           ;main.c: 159:                 letter_index++;
   604     0609  3004               	movlw	4
   605     060A  067A               	xorwf	_letter_index,w
   606     060B  1D03               	btfss	3,2
   607     060C  2E0E               	goto	u541
   608     060D  2E0F               	goto	u540
   609     060E                     u541:
   610     060E  2E6C               	goto	l1178
   611     060F                     u540:
   612     060F  2DDC               	goto	l1134
   613     0610                     l64:	
   614                           ;main.c: 164:             if(letter_index == 4)
   615                           
   616     0610  1986               	btfsc	6,3	;volatile
   617     0611  2E13               	goto	u551
   618     0612  2E14               	goto	u550
   619     0613                     u551:
   620     0613  2E3E               	goto	l68
   621     0614                     u550:
   622     0614                     l1150:
   623                           
   624                           ;main.c: 165:             {;main.c: 166:                 check_password();
   625     0614  3004               	movlw	4
   626     0615  027A               	subwf	_letter_index,w
   627     0616  1803               	skipnc
   628     0617  2E19               	goto	u561
   629     0618  2E1A               	goto	u560
   630     0619                     u561:
   631     0619  2E37               	goto	l1160
   632     061A                     u560:
   633     061A                     l1152:
   634                           
   635                           ;main.c: 167:             };main.c: 168:         }
   636     061A  01F0               	clrf	send@rs
   637     061B  0AF0               	incf	send@rs,f
   638     061C  3043               	movlw	67
   639     061D  120A  118A  23F5  120A  118A  	fcall	_send
   640     0622                     l1154:
   641                           
   642                           ;main.c: 170:         {
   643     0622  087A               	movf	_letter_index,w
   644     0623  3E20               	addlw	(low (_letter| 0))& (0+255)
   645     0624  0084               	movwf	4
   646     0625  3043               	movlw	67
   647     0626  1383               	bcf	3,7	;select IRP bank0
   648     0627  0080               	movwf	0
   649     0628                     l1156:
   650                           
   651                           ;main.c: 171:             if(letter_index < 4)
   652     0628  3001               	movlw	1
   653     0629  07FA               	addwf	_letter_index,f
   654     062A                     l1158:
   655                           
   656                           ;main.c: 173:                 send('D', 1);
   657     062A  3007               	movlw	7
   658     062B  00F9               	movwf	??_main+2
   659     062C  3058               	movlw	88
   660     062D  00F8               	movwf	??_main+1
   661     062E  3059               	movlw	89
   662     062F  00F7               	movwf	??_main
   663     0630                     u927:
   664     0630  0BF7               	decfsz	??_main,f
   665     0631  2E30               	goto	u927
   666     0632  0BF8               	decfsz	??_main+1,f
   667     0633  2E30               	goto	u927
   668     0634  0BF9               	decfsz	??_main+2,f
   669     0635  2E30               	goto	u927
   670     0636  2E37               	nop2
   671     0637                     l1160:
   672                           
   673                           ;main.c: 176:                 letter_index++;
   674     0637  3004               	movlw	4
   675     0638  067A               	xorwf	_letter_index,w
   676     0639  1D03               	btfss	3,2
   677     063A  2E3C               	goto	u571
   678     063B  2E3D               	goto	u570
   679     063C                     u571:
   680     063C  2E6C               	goto	l1178
   681     063D                     u570:
   682     063D  2DDC               	goto	l1134
   683     063E                     l68:	
   684                           ;main.c: 181:             if(letter_index == 4)
   685                           
   686     063E  1A06               	btfsc	6,4	;volatile
   687     063F  2E41               	goto	u581
   688     0640  2E42               	goto	u580
   689     0641                     u581:
   690     0641  2E6C               	goto	l1178
   691     0642                     u580:
   692     0642                     l1164:
   693                           
   694                           ;main.c: 182:             {;main.c: 183:                 check_password();
   695     0642  3004               	movlw	4
   696     0643  027A               	subwf	_letter_index,w
   697     0644  1803               	skipnc
   698     0645  2E47               	goto	u591
   699     0646  2E48               	goto	u590
   700     0647                     u591:
   701     0647  2E65               	goto	l1174
   702     0648                     u590:
   703     0648                     l1166:
   704                           
   705                           ;main.c: 184:             };main.c: 185:         }
   706     0648  01F0               	clrf	send@rs
   707     0649  0AF0               	incf	send@rs,f
   708     064A  3044               	movlw	68
   709     064B  120A  118A  23F5  120A  118A  	fcall	_send
   710     0650                     l1168:
   711                           
   712                           ;main.c: 187:         if(RB1 == 0)
   713     0650  087A               	movf	_letter_index,w
   714     0651  3E20               	addlw	(low (_letter| 0))& (0+255)
   715     0652  0084               	movwf	4
   716     0653  3044               	movlw	68
   717     0654  1383               	bcf	3,7	;select IRP bank0
   718     0655  0080               	movwf	0
   719     0656                     l1170:
   720                           
   721                           ;main.c: 188:         {
   722     0656  3001               	movlw	1
   723     0657  07FA               	addwf	_letter_index,f
   724     0658                     l1172:
   725                           
   726                           ;main.c: 190:             {
   727     0658  3007               	movlw	7
   728     0659  00F9               	movwf	??_main+2
   729     065A  3058               	movlw	88
   730     065B  00F8               	movwf	??_main+1
   731     065C  3059               	movlw	89
   732     065D  00F7               	movwf	??_main
   733     065E                     u937:
   734     065E  0BF7               	decfsz	??_main,f
   735     065F  2E5E               	goto	u937
   736     0660  0BF8               	decfsz	??_main+1,f
   737     0661  2E5E               	goto	u937
   738     0662  0BF9               	decfsz	??_main+2,f
   739     0663  2E5E               	goto	u937
   740     0664  2E65               	nop2
   741     0665                     l1174:
   742                           
   743                           ;main.c: 193:                 letter[letter_index] = '1';
   744     0665  3004               	movlw	4
   745     0666  067A               	xorwf	_letter_index,w
   746     0667  1D03               	btfss	3,2
   747     0668  2E6A               	goto	u601
   748     0669  2E6B               	goto	u600
   749     066A                     u601:
   750     066A  2E6C               	goto	l1178
   751     066B                     u600:
   752     066B  2DDC               	goto	l1134
   753     066C                     l1178:
   754                           
   755                           ;main.c: 198: 
   756     066C  1283               	bcf	3,5	;RP0=0, select bank0
   757     066D  1303               	bcf	3,6	;RP1=0, select bank0
   758     066E  1686               	bsf	6,5	;volatile
   759     066F                     l1180:
   760     066F  1306               	bcf	6,6	;volatile
   761     0670                     l1182:
   762     0670  1786               	bsf	6,7	;volatile
   763     0671                     l1184:
   764                           
   765                           ;main.c: 199:             if(letter_index == 4)
   766     0671  1886               	btfsc	6,1	;volatile
   767     0672  2E74               	goto	u611
   768     0673  2E75               	goto	u610
   769     0674                     u611:
   770     0674  2EA4               	goto	l75
   771     0675                     u610:
   772     0675                     l1186:
   773                           
   774                           ;main.c: 200:             {;main.c: 201:                 check_password();
   775     0675  3004               	movlw	4
   776     0676  027A               	subwf	_letter_index,w
   777     0677  1803               	skipnc
   778     0678  2E7A               	goto	u621
   779     0679  2E7B               	goto	u620
   780     067A                     u621:
   781     067A  2E98               	goto	l1196
   782     067B                     u620:
   783     067B                     l1188:
   784                           
   785                           ;main.c: 202:             };main.c: 203:         }
   786     067B  01F0               	clrf	send@rs
   787     067C  0AF0               	incf	send@rs,f
   788     067D  3031               	movlw	49
   789     067E  120A  118A  23F5  120A  118A  	fcall	_send
   790     0683                     l1190:
   791                           
   792                           ;main.c: 205:         else if(RB2 == 0)
   793     0683  087A               	movf	_letter_index,w
   794     0684  3E20               	addlw	(low (_letter| 0))& (0+255)
   795     0685  0084               	movwf	4
   796     0686  3031               	movlw	49
   797     0687  1383               	bcf	3,7	;select IRP bank0
   798     0688  0080               	movwf	0
   799     0689                     l1192:
   800                           
   801                           ;main.c: 206:         {
   802     0689  3001               	movlw	1
   803     068A  07FA               	addwf	_letter_index,f
   804     068B                     l1194:
   805                           
   806                           ;main.c: 208:             {
   807     068B  3007               	movlw	7
   808     068C  00F9               	movwf	??_main+2
   809     068D  3058               	movlw	88
   810     068E  00F8               	movwf	??_main+1
   811     068F  3059               	movlw	89
   812     0690  00F7               	movwf	??_main
   813     0691                     u947:
   814     0691  0BF7               	decfsz	??_main,f
   815     0692  2E91               	goto	u947
   816     0693  0BF8               	decfsz	??_main+1,f
   817     0694  2E91               	goto	u947
   818     0695  0BF9               	decfsz	??_main+2,f
   819     0696  2E91               	goto	u947
   820     0697  2E98               	nop2
   821     0698                     l1196:
   822                           
   823                           ;main.c: 211:                 letter[letter_index] = '2';
   824     0698  3004               	movlw	4
   825     0699  067A               	xorwf	_letter_index,w
   826     069A  1D03               	btfss	3,2
   827     069B  2E9D               	goto	u631
   828     069C  2E9E               	goto	u630
   829     069D                     u631:
   830     069D  2F2E               	goto	l1242
   831     069E                     u630:
   832     069E                     l1198:
   833                           
   834                           ;main.c: 212:                 letter_index++;;main.c: 213: 
   835     069E  120A  118A  241B  120A  118A  	fcall	_check_password
   836     06A3  2F2E               	goto	l1242
   837     06A4                     l75:	
   838                           ;main.c: 217:             if(letter_index == 4)
   839                           
   840     06A4  1906               	btfsc	6,2	;volatile
   841     06A5  2EA7               	goto	u641
   842     06A6  2EA8               	goto	u640
   843     06A7                     u641:
   844     06A7  2ED2               	goto	l79
   845     06A8                     u640:
   846     06A8                     l1200:
   847                           
   848                           ;main.c: 218:             {;main.c: 219:                 check_password();
   849     06A8  3004               	movlw	4
   850     06A9  027A               	subwf	_letter_index,w
   851     06AA  1803               	skipnc
   852     06AB  2EAD               	goto	u651
   853     06AC  2EAE               	goto	u650
   854     06AD                     u651:
   855     06AD  2ECB               	goto	l1210
   856     06AE                     u650:
   857     06AE                     l1202:
   858                           
   859                           ;main.c: 220:             };main.c: 221:         }
   860     06AE  01F0               	clrf	send@rs
   861     06AF  0AF0               	incf	send@rs,f
   862     06B0  3032               	movlw	50
   863     06B1  120A  118A  23F5  120A  118A  	fcall	_send
   864     06B6                     l1204:
   865                           
   866                           ;main.c: 223:         {
   867     06B6  087A               	movf	_letter_index,w
   868     06B7  3E20               	addlw	(low (_letter| 0))& (0+255)
   869     06B8  0084               	movwf	4
   870     06B9  3032               	movlw	50
   871     06BA  1383               	bcf	3,7	;select IRP bank0
   872     06BB  0080               	movwf	0
   873     06BC                     l1206:
   874                           
   875                           ;main.c: 224:             if(letter_index < 4)
   876     06BC  3001               	movlw	1
   877     06BD  07FA               	addwf	_letter_index,f
   878     06BE                     l1208:
   879                           
   880                           ;main.c: 226:                 send('3', 1);
   881     06BE  3007               	movlw	7
   882     06BF  00F9               	movwf	??_main+2
   883     06C0  3058               	movlw	88
   884     06C1  00F8               	movwf	??_main+1
   885     06C2  3059               	movlw	89
   886     06C3  00F7               	movwf	??_main
   887     06C4                     u957:
   888     06C4  0BF7               	decfsz	??_main,f
   889     06C5  2EC4               	goto	u957
   890     06C6  0BF8               	decfsz	??_main+1,f
   891     06C7  2EC4               	goto	u957
   892     06C8  0BF9               	decfsz	??_main+2,f
   893     06C9  2EC4               	goto	u957
   894     06CA  2ECB               	nop2
   895     06CB                     l1210:
   896                           
   897                           ;main.c: 229:                 letter_index++;
   898     06CB  3004               	movlw	4
   899     06CC  067A               	xorwf	_letter_index,w
   900     06CD  1D03               	btfss	3,2
   901     06CE  2ED0               	goto	u661
   902     06CF  2ED1               	goto	u660
   903     06D0                     u661:
   904     06D0  2F2E               	goto	l1242
   905     06D1                     u660:
   906     06D1  2E9E               	goto	l1198
   907     06D2                     l79:	
   908                           ;main.c: 234:             if(letter_index == 4)
   909                           
   910     06D2  1986               	btfsc	6,3	;volatile
   911     06D3  2ED5               	goto	u671
   912     06D4  2ED6               	goto	u670
   913     06D5                     u671:
   914     06D5  2F00               	goto	l83
   915     06D6                     u670:
   916     06D6                     l1214:
   917                           
   918                           ;main.c: 235:             {;main.c: 236:                 check_password();
   919     06D6  3004               	movlw	4
   920     06D7  027A               	subwf	_letter_index,w
   921     06D8  1803               	skipnc
   922     06D9  2EDB               	goto	u681
   923     06DA  2EDC               	goto	u680
   924     06DB                     u681:
   925     06DB  2EF9               	goto	l1224
   926     06DC                     u680:
   927     06DC                     l1216:
   928                           
   929                           ;main.c: 237:             };main.c: 238:         }
   930     06DC  01F0               	clrf	send@rs
   931     06DD  0AF0               	incf	send@rs,f
   932     06DE  3033               	movlw	51
   933     06DF  120A  118A  23F5  120A  118A  	fcall	_send
   934     06E4                     l1218:
   935                           
   936                           ;main.c: 240:         {
   937     06E4  087A               	movf	_letter_index,w
   938     06E5  3E20               	addlw	(low (_letter| 0))& (0+255)
   939     06E6  0084               	movwf	4
   940     06E7  3033               	movlw	51
   941     06E8  1383               	bcf	3,7	;select IRP bank0
   942     06E9  0080               	movwf	0
   943     06EA                     l1220:
   944                           
   945                           ;main.c: 241:             if(letter_index < 4)
   946     06EA  3001               	movlw	1
   947     06EB  07FA               	addwf	_letter_index,f
   948     06EC                     l1222:
   949                           
   950                           ;main.c: 243:                 send('4', 1);
   951     06EC  3007               	movlw	7
   952     06ED  00F9               	movwf	??_main+2
   953     06EE  3058               	movlw	88
   954     06EF  00F8               	movwf	??_main+1
   955     06F0  3059               	movlw	89
   956     06F1  00F7               	movwf	??_main
   957     06F2                     u967:
   958     06F2  0BF7               	decfsz	??_main,f
   959     06F3  2EF2               	goto	u967
   960     06F4  0BF8               	decfsz	??_main+1,f
   961     06F5  2EF2               	goto	u967
   962     06F6  0BF9               	decfsz	??_main+2,f
   963     06F7  2EF2               	goto	u967
   964     06F8  2EF9               	nop2
   965     06F9                     l1224:
   966                           
   967                           ;main.c: 246:                 letter_index++;
   968     06F9  3004               	movlw	4
   969     06FA  067A               	xorwf	_letter_index,w
   970     06FB  1D03               	btfss	3,2
   971     06FC  2EFE               	goto	u691
   972     06FD  2EFF               	goto	u690
   973     06FE                     u691:
   974     06FE  2F2E               	goto	l1242
   975     06FF                     u690:
   976     06FF  2E9E               	goto	l1198
   977     0700                     l83:	
   978                           ;main.c: 251:             if(letter_index == 4)
   979                           
   980     0700  1A06               	btfsc	6,4	;volatile
   981     0701  2F03               	goto	u701
   982     0702  2F04               	goto	u700
   983     0703                     u701:
   984     0703  2F2E               	goto	l1242
   985     0704                     u700:
   986     0704                     l1228:
   987                           
   988                           ;main.c: 252:             {;main.c: 253:                 check_password();
   989     0704  3004               	movlw	4
   990     0705  027A               	subwf	_letter_index,w
   991     0706  1803               	skipnc
   992     0707  2F09               	goto	u711
   993     0708  2F0A               	goto	u710
   994     0709                     u711:
   995     0709  2F27               	goto	l1238
   996     070A                     u710:
   997     070A                     l1230:
   998                           
   999                           ;main.c: 254:             };main.c: 255:         }
  1000     070A  01F0               	clrf	send@rs
  1001     070B  0AF0               	incf	send@rs,f
  1002     070C  3034               	movlw	52
  1003     070D  120A  118A  23F5  120A  118A  	fcall	_send
  1004     0712                     l1232:
  1005                           
  1006                           ;main.c: 257:         RB5 = 1;RB6 = 1;RB7 = 0;
  1007     0712  087A               	movf	_letter_index,w
  1008     0713  3E20               	addlw	(low (_letter| 0))& (0+255)
  1009     0714  0084               	movwf	4
  1010     0715  3034               	movlw	52
  1011     0716  1383               	bcf	3,7	;select IRP bank0
  1012     0717  0080               	movwf	0
  1013     0718                     l1234:
  1014                           
  1015                           ;main.c: 258: 
  1016     0718  3001               	movlw	1
  1017     0719  07FA               	addwf	_letter_index,f
  1018     071A                     l1236:
  1019                           
  1020                           ;main.c: 260:         if(RB1 == 0)
  1021     071A  3007               	movlw	7
  1022     071B  00F9               	movwf	??_main+2
  1023     071C  3058               	movlw	88
  1024     071D  00F8               	movwf	??_main+1
  1025     071E  3059               	movlw	89
  1026     071F  00F7               	movwf	??_main
  1027     0720                     u977:
  1028     0720  0BF7               	decfsz	??_main,f
  1029     0721  2F20               	goto	u977
  1030     0722  0BF8               	decfsz	??_main+1,f
  1031     0723  2F20               	goto	u977
  1032     0724  0BF9               	decfsz	??_main+2,f
  1033     0725  2F20               	goto	u977
  1034     0726  2F27               	nop2
  1035     0727                     l1238:
  1036                           
  1037                           ;main.c: 263:             {
  1038     0727  3004               	movlw	4
  1039     0728  067A               	xorwf	_letter_index,w
  1040     0729  1D03               	btfss	3,2
  1041     072A  2F2C               	goto	u721
  1042     072B  2F2D               	goto	u720
  1043     072C                     u721:
  1044     072C  2F2E               	goto	l1242
  1045     072D                     u720:
  1046     072D  2E9E               	goto	l1198
  1047     072E                     l1242:
  1048                           
  1049                           ;main.c: 269:                 _delay((unsigned long)((250)*(20000000UL/4000.0)));
  1050     072E  1283               	bcf	3,5	;RP0=0, select bank0
  1051     072F  1303               	bcf	3,6	;RP1=0, select bank0
  1052     0730  1686               	bsf	6,5	;volatile
  1053     0731                     l1244:
  1054     0731  1706               	bsf	6,6	;volatile
  1055     0732                     l1246:
  1056     0732  1386               	bcf	6,7	;volatile
  1057     0733                     l1248:
  1058                           
  1059                           ;main.c: 272:             if(letter_index == 4)
  1060     0733  1886               	btfsc	6,1	;volatile
  1061     0734  2F36               	goto	u731
  1062     0735  2F37               	goto	u730
  1063     0736                     u731:
  1064     0736  2F66               	goto	l90
  1065     0737                     u730:
  1066     0737                     l1250:
  1067                           
  1068                           ;main.c: 273:             {;main.c: 274:                 check_password();
  1069     0737  3004               	movlw	4
  1070     0738  027A               	subwf	_letter_index,w
  1071     0739  1803               	skipnc
  1072     073A  2F3C               	goto	u741
  1073     073B  2F3D               	goto	u740
  1074     073C                     u741:
  1075     073C  2F5A               	goto	l1260
  1076     073D                     u740:
  1077     073D                     l1252:
  1078                           
  1079                           ;main.c: 275:             };main.c: 276:         }
  1080     073D  01F0               	clrf	send@rs
  1081     073E  0AF0               	incf	send@rs,f
  1082     073F  3035               	movlw	53
  1083     0740  120A  118A  23F5  120A  118A  	fcall	_send
  1084     0745                     l1254:
  1085                           
  1086                           ;main.c: 278:         {
  1087     0745  087A               	movf	_letter_index,w
  1088     0746  3E20               	addlw	(low (_letter| 0))& (0+255)
  1089     0747  0084               	movwf	4
  1090     0748  3035               	movlw	53
  1091     0749  1383               	bcf	3,7	;select IRP bank0
  1092     074A  0080               	movwf	0
  1093     074B                     l1256:
  1094                           
  1095                           ;main.c: 279:             if(letter_index < 4)
  1096     074B  3001               	movlw	1
  1097     074C  07FA               	addwf	_letter_index,f
  1098     074D                     l1258:
  1099                           
  1100                           ;main.c: 281:                 send('6', 1);
  1101     074D  3007               	movlw	7
  1102     074E  00F9               	movwf	??_main+2
  1103     074F  3058               	movlw	88
  1104     0750  00F8               	movwf	??_main+1
  1105     0751  3059               	movlw	89
  1106     0752  00F7               	movwf	??_main
  1107     0753                     u987:
  1108     0753  0BF7               	decfsz	??_main,f
  1109     0754  2F53               	goto	u987
  1110     0755  0BF8               	decfsz	??_main+1,f
  1111     0756  2F53               	goto	u987
  1112     0757  0BF9               	decfsz	??_main+2,f
  1113     0758  2F53               	goto	u987
  1114     0759  2F5A               	nop2
  1115     075A                     l1260:
  1116                           
  1117                           ;main.c: 284:                 letter_index++;
  1118     075A  3004               	movlw	4
  1119     075B  067A               	xorwf	_letter_index,w
  1120     075C  1D03               	btfss	3,2
  1121     075D  2F5F               	goto	u751
  1122     075E  2F60               	goto	u750
  1123     075F                     u751:
  1124     075F  2DAA               	goto	l1114
  1125     0760                     u750:
  1126     0760                     l1262:
  1127                           
  1128                           ;main.c: 285: ;main.c: 286:                 _delay((unsigned long)((250)*(20000000UL/400
      +                          0.0)));
  1129     0760  120A  118A  241B  120A  118A  	fcall	_check_password
  1130     0765  2DAA               	goto	l1114
  1131     0766                     l90:	
  1132                           ;main.c: 289:             if(letter_index == 4)
  1133                           
  1134     0766  1906               	btfsc	6,2	;volatile
  1135     0767  2F69               	goto	u761
  1136     0768  2F6A               	goto	u760
  1137     0769                     u761:
  1138     0769  2F94               	goto	l94
  1139     076A                     u760:
  1140     076A                     l1264:
  1141                           
  1142                           ;main.c: 290:             {;main.c: 291:                 check_password();
  1143     076A  3004               	movlw	4
  1144     076B  027A               	subwf	_letter_index,w
  1145     076C  1803               	skipnc
  1146     076D  2F6F               	goto	u771
  1147     076E  2F70               	goto	u770
  1148     076F                     u771:
  1149     076F  2F8D               	goto	l1274
  1150     0770                     u770:
  1151     0770                     l1266:
  1152                           
  1153                           ;main.c: 292:             };main.c: 293:         }
  1154     0770  01F0               	clrf	send@rs
  1155     0771  0AF0               	incf	send@rs,f
  1156     0772  3036               	movlw	54
  1157     0773  120A  118A  23F5  120A  118A  	fcall	_send
  1158     0778                     l1268:
  1159                           
  1160                           ;main.c: 295:         {
  1161     0778  087A               	movf	_letter_index,w
  1162     0779  3E20               	addlw	(low (_letter| 0))& (0+255)
  1163     077A  0084               	movwf	4
  1164     077B  3036               	movlw	54
  1165     077C  1383               	bcf	3,7	;select IRP bank0
  1166     077D  0080               	movwf	0
  1167     077E                     l1270:
  1168                           
  1169                           ;main.c: 296:             if(letter_index < 4)
  1170     077E  3001               	movlw	1
  1171     077F  07FA               	addwf	_letter_index,f
  1172     0780                     l1272:
  1173                           
  1174                           ;main.c: 298:                 send('7', 1);
  1175     0780  3007               	movlw	7
  1176     0781  00F9               	movwf	??_main+2
  1177     0782  3058               	movlw	88
  1178     0783  00F8               	movwf	??_main+1
  1179     0784  3059               	movlw	89
  1180     0785  00F7               	movwf	??_main
  1181     0786                     u997:
  1182     0786  0BF7               	decfsz	??_main,f
  1183     0787  2F86               	goto	u997
  1184     0788  0BF8               	decfsz	??_main+1,f
  1185     0789  2F86               	goto	u997
  1186     078A  0BF9               	decfsz	??_main+2,f
  1187     078B  2F86               	goto	u997
  1188     078C  2F8D               	nop2
  1189     078D                     l1274:
  1190                           
  1191                           ;main.c: 301:                 letter_index++;
  1192     078D  3004               	movlw	4
  1193     078E  067A               	xorwf	_letter_index,w
  1194     078F  1D03               	btfss	3,2
  1195     0790  2F92               	goto	u781
  1196     0791  2F93               	goto	u780
  1197     0792                     u781:
  1198     0792  2DAA               	goto	l1114
  1199     0793                     u780:
  1200     0793  2F60               	goto	l1262
  1201     0794                     l94:	
  1202                           ;main.c: 306:             if(letter_index == 4)
  1203                           
  1204     0794  1986               	btfsc	6,3	;volatile
  1205     0795  2F97               	goto	u791
  1206     0796  2F98               	goto	u790
  1207     0797                     u791:
  1208     0797  2FC2               	goto	l98
  1209     0798                     u790:
  1210     0798                     l1278:
  1211                           
  1212                           ;main.c: 307:             {;main.c: 308:                 check_password();
  1213     0798  3004               	movlw	4
  1214     0799  027A               	subwf	_letter_index,w
  1215     079A  1803               	skipnc
  1216     079B  2F9D               	goto	u801
  1217     079C  2F9E               	goto	u800
  1218     079D                     u801:
  1219     079D  2FBB               	goto	l1288
  1220     079E                     u800:
  1221     079E                     l1280:
  1222                           
  1223                           ;main.c: 309:             };main.c: 310:         }
  1224     079E  01F0               	clrf	send@rs
  1225     079F  0AF0               	incf	send@rs,f
  1226     07A0  3037               	movlw	55
  1227     07A1  120A  118A  23F5  120A  118A  	fcall	_send
  1228     07A6                     l1282:
  1229                           
  1230                           ;main.c: 312:         {
  1231     07A6  087A               	movf	_letter_index,w
  1232     07A7  3E20               	addlw	(low (_letter| 0))& (0+255)
  1233     07A8  0084               	movwf	4
  1234     07A9  3037               	movlw	55
  1235     07AA  1383               	bcf	3,7	;select IRP bank0
  1236     07AB  0080               	movwf	0
  1237     07AC                     l1284:
  1238                           
  1239                           ;main.c: 313:             if(letter_index < 4)
  1240     07AC  3001               	movlw	1
  1241     07AD  07FA               	addwf	_letter_index,f
  1242     07AE                     l1286:
  1243                           
  1244                           ;main.c: 315:                 send('8', 1);
  1245     07AE  3007               	movlw	7
  1246     07AF  00F9               	movwf	??_main+2
  1247     07B0  3058               	movlw	88
  1248     07B1  00F8               	movwf	??_main+1
  1249     07B2  3059               	movlw	89
  1250     07B3  00F7               	movwf	??_main
  1251     07B4                     u1007:
  1252     07B4  0BF7               	decfsz	??_main,f
  1253     07B5  2FB4               	goto	u1007
  1254     07B6  0BF8               	decfsz	??_main+1,f
  1255     07B7  2FB4               	goto	u1007
  1256     07B8  0BF9               	decfsz	??_main+2,f
  1257     07B9  2FB4               	goto	u1007
  1258     07BA  2FBB               	nop2
  1259     07BB                     l1288:
  1260                           
  1261                           ;main.c: 318:                 letter_index++;
  1262     07BB  3004               	movlw	4
  1263     07BC  067A               	xorwf	_letter_index,w
  1264     07BD  1D03               	btfss	3,2
  1265     07BE  2FC0               	goto	u811
  1266     07BF  2FC1               	goto	u810
  1267     07C0                     u811:
  1268     07C0  2DAA               	goto	l1114
  1269     07C1                     u810:
  1270     07C1  2F60               	goto	l1262
  1271     07C2                     l98:	
  1272                           ;main.c: 323:             if(letter_index == 4)
  1273                           
  1274     07C2  1A06               	btfsc	6,4	;volatile
  1275     07C3  2FC5               	goto	u821
  1276     07C4  2FC6               	goto	u820
  1277     07C5                     u821:
  1278     07C5  2DAA               	goto	l1114
  1279     07C6                     u820:
  1280     07C6                     l1292:
  1281                           
  1282                           ;main.c: 324:             {;main.c: 325:                 check_password();
  1283     07C6  3004               	movlw	4
  1284     07C7  027A               	subwf	_letter_index,w
  1285     07C8  1803               	skipnc
  1286     07C9  2FCB               	goto	u831
  1287     07CA  2FCC               	goto	u830
  1288     07CB                     u831:
  1289     07CB  2FE9               	goto	l1302
  1290     07CC                     u830:
  1291     07CC                     l1294:
  1292                           
  1293                           ;main.c: 326:             };main.c: 327:         }
  1294     07CC  01F0               	clrf	send@rs
  1295     07CD  0AF0               	incf	send@rs,f
  1296     07CE  3038               	movlw	56
  1297     07CF  120A  118A  23F5  120A  118A  	fcall	_send
  1298     07D4                     l1296:
  1299                           
  1300                           ;main.c: 329: 
  1301     07D4  087A               	movf	_letter_index,w
  1302     07D5  3E20               	addlw	(low (_letter| 0))& (0+255)
  1303     07D6  0084               	movwf	4
  1304     07D7  3038               	movlw	56
  1305     07D8  1383               	bcf	3,7	;select IRP bank0
  1306     07D9  0080               	movwf	0
  1307     07DA                     l1298:
  1308                           
  1309                           ;main.c: 330:     return 0;
  1310     07DA  3001               	movlw	1
  1311     07DB  07FA               	addwf	_letter_index,f
  1312     07DC                     l1300:
  1313                           
  1314                           ;main.c: 332: 
  1315     07DC  3007               	movlw	7
  1316     07DD  00F9               	movwf	??_main+2
  1317     07DE  3058               	movlw	88
  1318     07DF  00F8               	movwf	??_main+1
  1319     07E0  3059               	movlw	89
  1320     07E1  00F7               	movwf	??_main
  1321     07E2                     u1017:
  1322     07E2  0BF7               	decfsz	??_main,f
  1323     07E3  2FE2               	goto	u1017
  1324     07E4  0BF8               	decfsz	??_main+1,f
  1325     07E5  2FE2               	goto	u1017
  1326     07E6  0BF9               	decfsz	??_main+2,f
  1327     07E7  2FE2               	goto	u1017
  1328     07E8  2FE9               	nop2
  1329     07E9                     l1302:
  1330                           
  1331                           ;main.c: 335:     RE0=1;
  1332     07E9  3004               	movlw	4
  1333     07EA  067A               	xorwf	_letter_index,w
  1334     07EB  1D03               	btfss	3,2
  1335     07EC  2FEE               	goto	u841
  1336     07ED  2FEF               	goto	u840
  1337     07EE                     u841:
  1338     07EE  2FF0               	goto	l93
  1339     07EF                     u840:
  1340     07EF  2F60               	goto	l1262
  1341     07F0                     l93:
  1342     07F0  2DAA               	goto	l1114
  1343     07F1  120A  118A  2800   	ljmp	start
  1344     07F4                     __end_of_main:
  1345                           
  1346                           	psect	text1
  1347     041B                     __ptext1:	
  1348 ;; *************** function _check_password *****************
  1349 ;; Defined at:
  1350 ;;		line 37 in file "main.c"
  1351 ;; Parameters:    Size  Location     Type
  1352 ;;		None
  1353 ;; Auto vars:     Size  Location     Type
  1354 ;;		None
  1355 ;; Return value:  Size  Location     Type
  1356 ;;                  1    wreg      void 
  1357 ;; Registers used:
  1358 ;;		wreg, status,2, status,0, pclath, cstack
  1359 ;; Tracked objects:
  1360 ;;		On entry : 0/0
  1361 ;;		On exit  : 0/0
  1362 ;;		Unchanged: 0/0
  1363 ;; Data sizes:     COMMON   BANK0   BANK1   BANK3   BANK2
  1364 ;;      Params:         0       0       0       0       0
  1365 ;;      Locals:         0       0       0       0       0
  1366 ;;      Temps:          3       0       0       0       0
  1367 ;;      Totals:         3       0       0       0       0
  1368 ;;Total ram usage:        3 bytes
  1369 ;; Hardware stack levels used: 1
  1370 ;; Hardware stack levels required when called: 1
  1371 ;; This function calls:
  1372 ;;		_buzz
  1373 ;;		_send
  1374 ;; This function is called by:
  1375 ;;		_main
  1376 ;; This function uses a non-reentrant model
  1377 ;;
  1378                           
  1379     041B                     _check_password:	
  1380                           ;psect for function _check_password
  1381                           
  1382     041B                     l1000:	
  1383                           ;incstack = 0
  1384                           ; Regs used in _check_password: [wreg+status,2+status,0+pclath+cstack]
  1385                           
  1386                           
  1387                           ;main.c: 40:         send('E', 1);
  1388     041B  3041               	movlw	65
  1389     041C  1283               	bcf	3,5	;RP0=0, select bank0
  1390     041D  1303               	bcf	3,6	;RP1=0, select bank0
  1391     041E  0620               	xorwf	_letter,w
  1392     041F  1D03               	btfss	3,2
  1393     0420  2C22               	goto	u451
  1394     0421  2C23               	goto	u450
  1395     0422                     u451:
  1396     0422  2C85               	goto	l1028
  1397     0423                     u450:
  1398     0423                     l1002:
  1399     0423  3031               	movlw	49
  1400     0424  0621               	xorwf	_letter+1,w
  1401     0425  1D03               	btfss	3,2
  1402     0426  2C28               	goto	u461
  1403     0427  2C29               	goto	u460
  1404     0428                     u461:
  1405     0428  2C85               	goto	l1028
  1406     0429                     u460:
  1407     0429                     l1004:
  1408     0429  3032               	movlw	50
  1409     042A  0622               	xorwf	_letter+2,w
  1410     042B  1D03               	btfss	3,2
  1411     042C  2C2E               	goto	u471
  1412     042D  2C2F               	goto	u470
  1413     042E                     u471:
  1414     042E  2C85               	goto	l1028
  1415     042F                     u470:
  1416     042F                     l1006:
  1417     042F  3033               	movlw	51
  1418     0430  0623               	xorwf	_letter+3,w
  1419     0431  1D03               	btfss	3,2
  1420     0432  2C34               	goto	u481
  1421     0433  2C35               	goto	u480
  1422     0434                     u481:
  1423     0434  2C85               	goto	l1028
  1424     0435                     u480:
  1425     0435                     l1008:
  1426                           
  1427                           ;main.c: 44:         send('M', 1);;main.c: 46:     }
  1428     0435  01F0               	clrf	send@rs
  1429     0436  3001               	movlw	1
  1430     0437  120A  118A  23F5  120A  118A  	fcall	_send
  1431     043C                     l1010:
  1432                           
  1433                           ;main.c: 47:     else
  1434     043C  3041               	movlw	65
  1435     043D  00F5               	movwf	??_check_password+1
  1436     043E  30EE               	movlw	238
  1437     043F  00F4               	movwf	??_check_password
  1438     0440                     u1027:
  1439     0440  0BF4               	decfsz	??_check_password,f
  1440     0441  2C40               	goto	u1027
  1441     0442  0BF5               	decfsz	??_check_password+1,f
  1442     0443  2C40               	goto	u1027
  1443     0444  0000               	nop
  1444     0445                     l1012:
  1445                           
  1446                           ;main.c: 49:         send(0x01, 0);
  1447     0445  01F0               	clrf	send@rs
  1448     0446  3080               	movlw	128
  1449     0447  120A  118A  23F5  120A  118A  	fcall	_send
  1450     044C                     l1014:
  1451                           
  1452                           ;main.c: 51: 
  1453     044C  01F0               	clrf	send@rs
  1454     044D  0AF0               	incf	send@rs,f
  1455     044E  3057               	movlw	87
  1456     044F  120A  118A  23F5  120A  118A  	fcall	_send
  1457     0454                     l1016:
  1458                           
  1459                           ;main.c: 52:         send(0x80, 0);
  1460     0454  01F0               	clrf	send@rs
  1461     0455  0AF0               	incf	send@rs,f
  1462     0456  3045               	movlw	69
  1463     0457  120A  118A  23F5  120A  118A  	fcall	_send
  1464     045C                     l1018:
  1465                           
  1466                           ;main.c: 53: 
  1467     045C  01F0               	clrf	send@rs
  1468     045D  0AF0               	incf	send@rs,f
  1469     045E  304C               	movlw	76
  1470     045F  120A  118A  23F5  120A  118A  	fcall	_send
  1471     0464                     l1020:
  1472                           
  1473                           ;main.c: 54:         send('W', 1);
  1474     0464  01F0               	clrf	send@rs
  1475     0465  0AF0               	incf	send@rs,f
  1476     0466  3043               	movlw	67
  1477     0467  120A  118A  23F5  120A  118A  	fcall	_send
  1478     046C                     l1022:
  1479                           
  1480                           ;main.c: 55:         send('R', 1);
  1481     046C  01F0               	clrf	send@rs
  1482     046D  0AF0               	incf	send@rs,f
  1483     046E  304F               	movlw	79
  1484     046F  120A  118A  23F5  120A  118A  	fcall	_send
  1485     0474                     l1024:
  1486                           
  1487                           ;main.c: 56:         send('O', 1);
  1488     0474  01F0               	clrf	send@rs
  1489     0475  0AF0               	incf	send@rs,f
  1490     0476  304D               	movlw	77
  1491     0477  120A  118A  23F5  120A  118A  	fcall	_send
  1492     047C                     l1026:
  1493                           
  1494                           ;main.c: 57:         send('N', 1);
  1495     047C  01F0               	clrf	send@rs
  1496     047D  0AF0               	incf	send@rs,f
  1497     047E  3045               	movlw	69
  1498     047F  120A  118A  23F5  120A  118A  	fcall	_send
  1499                           
  1500                           ;main.c: 58:         send('G', 1);
  1501     0484  2D11               	goto	l1064
  1502     0485                     l1028:
  1503                           
  1504                           ;main.c: 60:         send('P',1);;main.c: 61:         send('A',1);
  1505     0485  01F0               	clrf	send@rs
  1506     0486  3001               	movlw	1
  1507     0487  120A  118A  23F5  120A  118A  	fcall	_send
  1508     048C                     l1030:
  1509                           
  1510                           ;main.c: 62:         send('S',1);
  1511     048C  3041               	movlw	65
  1512     048D  00F5               	movwf	??_check_password+1
  1513     048E  30EE               	movlw	238
  1514     048F  00F4               	movwf	??_check_password
  1515     0490                     u1037:
  1516     0490  0BF4               	decfsz	??_check_password,f
  1517     0491  2C90               	goto	u1037
  1518     0492  0BF5               	decfsz	??_check_password+1,f
  1519     0493  2C90               	goto	u1037
  1520     0494  0000               	nop
  1521     0495                     l1032:
  1522                           
  1523                           ;main.c: 64:         send('W',1);
  1524     0495  01F0               	clrf	send@rs
  1525     0496  3080               	movlw	128
  1526     0497  120A  118A  23F5  120A  118A  	fcall	_send
  1527     049C                     l1034:
  1528                           
  1529                           ;main.c: 66:         send('R',1);
  1530     049C  01F0               	clrf	send@rs
  1531     049D  0AF0               	incf	send@rs,f
  1532     049E  3057               	movlw	87
  1533     049F  120A  118A  23F5  120A  118A  	fcall	_send
  1534     04A4                     l1036:
  1535                           
  1536                           ;main.c: 67:         send('D',1);
  1537     04A4  01F0               	clrf	send@rs
  1538     04A5  0AF0               	incf	send@rs,f
  1539     04A6  3052               	movlw	82
  1540     04A7  120A  118A  23F5  120A  118A  	fcall	_send
  1541     04AC                     l1038:
  1542                           
  1543                           ;main.c: 68:         buzz();
  1544     04AC  01F0               	clrf	send@rs
  1545     04AD  0AF0               	incf	send@rs,f
  1546     04AE  304F               	movlw	79
  1547     04AF  120A  118A  23F5  120A  118A  	fcall	_send
  1548     04B4                     l1040:
  1549                           
  1550                           ;main.c: 69:     }
  1551     04B4  01F0               	clrf	send@rs
  1552     04B5  0AF0               	incf	send@rs,f
  1553     04B6  304E               	movlw	78
  1554     04B7  120A  118A  23F5  120A  118A  	fcall	_send
  1555     04BC                     l1042:
  1556                           
  1557                           ;main.c: 70: 
  1558     04BC  01F0               	clrf	send@rs
  1559     04BD  0AF0               	incf	send@rs,f
  1560     04BE  3047               	movlw	71
  1561     04BF  120A  118A  23F5  120A  118A  	fcall	_send
  1562     04C4                     l1044:
  1563                           
  1564                           ;main.c: 71: 
  1565     04C4  01F0               	clrf	send@rs
  1566     04C5  0AF0               	incf	send@rs,f
  1567     04C6  3020               	movlw	32
  1568     04C7  120A  118A  23F5  120A  118A  	fcall	_send
  1569     04CC                     l1046:
  1570                           
  1571                           ;main.c: 72:     letter_index = 0;
  1572     04CC  01F0               	clrf	send@rs
  1573     04CD  0AF0               	incf	send@rs,f
  1574     04CE  3050               	movlw	80
  1575     04CF  120A  118A  23F5  120A  118A  	fcall	_send
  1576     04D4                     l1048:
  1577                           
  1578                           ;main.c: 73: 
  1579     04D4  01F0               	clrf	send@rs
  1580     04D5  0AF0               	incf	send@rs,f
  1581     04D6  3041               	movlw	65
  1582     04D7  120A  118A  23F5  120A  118A  	fcall	_send
  1583     04DC                     l1050:
  1584                           
  1585                           ;main.c: 74:     letter[0] = 0;
  1586     04DC  01F0               	clrf	send@rs
  1587     04DD  0AF0               	incf	send@rs,f
  1588     04DE  3053               	movlw	83
  1589     04DF  120A  118A  23F5  120A  118A  	fcall	_send
  1590     04E4                     l1052:
  1591                           
  1592                           ;main.c: 75:     letter[1] = 0;
  1593     04E4  01F0               	clrf	send@rs
  1594     04E5  0AF0               	incf	send@rs,f
  1595     04E6  3053               	movlw	83
  1596     04E7  120A  118A  23F5  120A  118A  	fcall	_send
  1597     04EC                     l1054:
  1598                           
  1599                           ;main.c: 76:     letter[2] = 0;
  1600     04EC  01F0               	clrf	send@rs
  1601     04ED  0AF0               	incf	send@rs,f
  1602     04EE  3057               	movlw	87
  1603     04EF  120A  118A  23F5  120A  118A  	fcall	_send
  1604     04F4                     l1056:
  1605                           
  1606                           ;main.c: 77:     letter[3] = 0;
  1607     04F4  01F0               	clrf	send@rs
  1608     04F5  0AF0               	incf	send@rs,f
  1609     04F6  304F               	movlw	79
  1610     04F7  120A  118A  23F5  120A  118A  	fcall	_send
  1611     04FC                     l1058:
  1612                           
  1613                           ;main.c: 78:     letter[4] = 0;
  1614     04FC  01F0               	clrf	send@rs
  1615     04FD  0AF0               	incf	send@rs,f
  1616     04FE  3052               	movlw	82
  1617     04FF  120A  118A  23F5  120A  118A  	fcall	_send
  1618     0504                     l1060:
  1619                           
  1620                           ;main.c: 79: 
  1621     0504  01F0               	clrf	send@rs
  1622     0505  0AF0               	incf	send@rs,f
  1623     0506  3044               	movlw	68
  1624     0507  120A  118A  23F5  120A  118A  	fcall	_send
  1625     050C                     l1062:
  1626                           
  1627                           ;main.c: 80: 
  1628     050C  120A  118A  23D1  120A  118A  	fcall	_buzz
  1629     0511                     l1064:
  1630                           
  1631                           ;main.c: 84:     send(0x01, 0);
  1632     0511  01FA               	clrf	_letter_index
  1633     0512                     l1066:
  1634                           
  1635                           ;main.c: 86: }
  1636     0512  1283               	bcf	3,5	;RP0=0, select bank0
  1637     0513  1303               	bcf	3,6	;RP1=0, select bank0
  1638     0514  01A0               	clrf	_letter
  1639     0515                     l1068:
  1640                           
  1641                           ;main.c: 87: 
  1642     0515  01A1               	clrf	_letter+1
  1643     0516                     l1070:
  1644                           
  1645                           ;main.c: 88: int main(void)
  1646     0516  01A2               	clrf	_letter+2
  1647     0517                     l1072:
  1648                           
  1649                           ;main.c: 89: {
  1650     0517  01A3               	clrf	_letter+3
  1651     0518                     l1074:
  1652                           
  1653                           ;main.c: 90: 
  1654     0518  01A4               	clrf	_letter+4
  1655     0519                     l1076:
  1656                           
  1657                           ;main.c: 93: 
  1658     0519  3027               	movlw	39
  1659     051A  00F6               	movwf	??_check_password+2
  1660     051B  300D               	movlw	13
  1661     051C  00F5               	movwf	??_check_password+1
  1662     051D  3026               	movlw	38
  1663     051E  00F4               	movwf	??_check_password
  1664     051F                     u1047:
  1665     051F  0BF4               	decfsz	??_check_password,f
  1666     0520  2D1F               	goto	u1047
  1667     0521  0BF5               	decfsz	??_check_password+1,f
  1668     0522  2D1F               	goto	u1047
  1669     0523  0BF6               	decfsz	??_check_password+2,f
  1670     0524  2D1F               	goto	u1047
  1671     0525  0000               	nop
  1672                           
  1673                           ;main.c: 96:     _delay((unsigned long)((200)*(20000000UL/4000.0)));
  1674     0526  01F0               	clrf	send@rs
  1675     0527  3001               	movlw	1
  1676     0528  120A  118A  23F5  120A  118A  	fcall	_send
  1677     052D                     l1078:
  1678                           
  1679                           ;main.c: 97:     send(0x30, 0);
  1680     052D  3041               	movlw	65
  1681     052E  00F5               	movwf	??_check_password+1
  1682     052F  30EE               	movlw	238
  1683     0530  00F4               	movwf	??_check_password
  1684     0531                     u1057:
  1685     0531  0BF4               	decfsz	??_check_password,f
  1686     0532  2D31               	goto	u1057
  1687     0533  0BF5               	decfsz	??_check_password+1,f
  1688     0534  2D31               	goto	u1057
  1689     0535  0000               	nop
  1690     0536                     l54:
  1691     0536  0008               	return
  1692     0537                     __end_of_check_password:
  1693                           
  1694                           	psect	text2
  1695     03F5                     __ptext2:	
  1696 ;; *************** function _send *****************
  1697 ;; Defined at:
  1698 ;;		line 22 in file "main.c"
  1699 ;; Parameters:    Size  Location     Type
  1700 ;;  value           1    wreg     unsigned char 
  1701 ;;  rs              1    0[COMMON] unsigned char 
  1702 ;; Auto vars:     Size  Location     Type
  1703 ;;  value           1    3[COMMON] unsigned char 
  1704 ;; Return value:  Size  Location     Type
  1705 ;;                  1    wreg      void 
  1706 ;; Registers used:
  1707 ;;		wreg
  1708 ;; Tracked objects:
  1709 ;;		On entry : 0/0
  1710 ;;		On exit  : 0/0
  1711 ;;		Unchanged: 0/0
  1712 ;; Data sizes:     COMMON   BANK0   BANK1   BANK3   BANK2
  1713 ;;      Params:         1       0       0       0       0
  1714 ;;      Locals:         1       0       0       0       0
  1715 ;;      Temps:          2       0       0       0       0
  1716 ;;      Totals:         4       0       0       0       0
  1717 ;;Total ram usage:        4 bytes
  1718 ;; Hardware stack levels used: 1
  1719 ;; This function calls:
  1720 ;;		Nothing
  1721 ;; This function is called by:
  1722 ;;		_check_password
  1723 ;;		_main
  1724 ;; This function uses a non-reentrant model
  1725 ;;
  1726                           
  1727     03F5                     _send:	
  1728                           ;psect for function _send
  1729                           
  1730                           
  1731                           ;incstack = 0
  1732                           ; Regs used in _send: [wreg]
  1733                           ;send@value stored from wreg
  1734     03F5  00F3               	movwf	send@value
  1735     03F6                     l980:
  1736                           
  1737                           ;main.c: 22:     _delay((unsigned long)((5)*(20000000UL/4000.0)));;main.c: 23: };main.c:
      +                           24: 
  1738     03F6  0873               	movf	send@value,w
  1739     03F7  1283               	bcf	3,5	;RP0=0, select bank0
  1740     03F8  1303               	bcf	3,6	;RP1=0, select bank0
  1741     03F9  0088               	movwf	8	;volatile
  1742     03FA                     l982:
  1743                           
  1744                           ;main.c: 26: {
  1745     03FA  1870               	btfsc	send@rs,0
  1746     03FB  2BFD               	goto	u431
  1747     03FC  2C01               	goto	u430
  1748     03FD                     u431:
  1749     03FD  1283               	bcf	3,5	;RP0=0, select bank0
  1750     03FE  1303               	bcf	3,6	;RP1=0, select bank0
  1751     03FF  1487               	bsf	7,1	;volatile
  1752     0400  2C04               	goto	u444
  1753     0401                     u430:
  1754     0401  1283               	bcf	3,5	;RP0=0, select bank0
  1755     0402  1303               	bcf	3,6	;RP1=0, select bank0
  1756     0403  1087               	bcf	7,1	;volatile
  1757     0404                     u444:
  1758     0404                     l984:
  1759                           
  1760                           ;main.c: 27: 
  1761     0404  1007               	bcf	7,0	;volatile
  1762     0405                     l986:
  1763                           
  1764                           ;main.c: 28:     if(letter[0] == 'A' &&
  1765     0405  1507               	bsf	7,2	;volatile
  1766                           
  1767                           ;main.c: 30:        letter[2] == '2' &&
  1768     0406  3007               	movlw	7
  1769     0407  00F2               	movwf	??_send+1
  1770     0408  307D               	movlw	125
  1771     0409  00F1               	movwf	??_send
  1772     040A                     u1067:
  1773     040A  0BF1               	decfsz	??_send,f
  1774     040B  2C0A               	goto	u1067
  1775     040C  0BF2               	decfsz	??_send+1,f
  1776     040D  2C0A               	goto	u1067
  1777     040E                     l988:
  1778                           
  1779                           ;main.c: 32:     {
  1780     040E  1283               	bcf	3,5	;RP0=0, select bank0
  1781     040F  1303               	bcf	3,6	;RP1=0, select bank0
  1782     0410  1107               	bcf	7,2	;volatile
  1783                           
  1784                           ;main.c: 34:         send(0x01, 0);
  1785     0411  3021               	movlw	33
  1786     0412  00F2               	movwf	??_send+1
  1787     0413  3076               	movlw	118
  1788     0414  00F1               	movwf	??_send
  1789     0415                     u1077:
  1790     0415  0BF1               	decfsz	??_send,f
  1791     0416  2C15               	goto	u1077
  1792     0417  0BF2               	decfsz	??_send+1,f
  1793     0418  2C15               	goto	u1077
  1794     0419  0000               	nop
  1795     041A                     l49:
  1796     041A  0008               	return
  1797     041B                     __end_of_send:
  1798                           
  1799                           	psect	text3
  1800     03D1                     __ptext3:	
  1801 ;; *************** function _buzz *****************
  1802 ;; Defined at:
  1803 ;;		line 345 in file "main.c"
  1804 ;; Parameters:    Size  Location     Type
  1805 ;;		None
  1806 ;; Auto vars:     Size  Location     Type
  1807 ;;		None
  1808 ;; Return value:  Size  Location     Type
  1809 ;;                  1    wreg      void 
  1810 ;; Registers used:
  1811 ;;		wreg, status,2
  1812 ;; Tracked objects:
  1813 ;;		On entry : 0/0
  1814 ;;		On exit  : 0/0
  1815 ;;		Unchanged: 0/0
  1816 ;; Data sizes:     COMMON   BANK0   BANK1   BANK3   BANK2
  1817 ;;      Params:         0       0       0       0       0
  1818 ;;      Locals:         0       0       0       0       0
  1819 ;;      Temps:          3       0       0       0       0
  1820 ;;      Totals:         3       0       0       0       0
  1821 ;;Total ram usage:        3 bytes
  1822 ;; Hardware stack levels used: 1
  1823 ;; This function calls:
  1824 ;;		Nothing
  1825 ;; This function is called by:
  1826 ;;		_check_password
  1827 ;; This function uses a non-reentrant model
  1828 ;;
  1829                           
  1830     03D1                     _buzz:	
  1831                           ;psect for function _buzz
  1832                           
  1833     03D1                     l990:	
  1834                           ;incstack = 0
  1835                           ; Regs used in _buzz: [wreg+status,2]
  1836                           
  1837     03D1  1683               	bsf	3,5	;RP0=1, select bank1
  1838     03D2  1303               	bcf	3,6	;RP1=0, select bank1
  1839     03D3  0189               	clrf	9	;volatile
  1840     03D4                     l992:
  1841     03D4  1283               	bcf	3,5	;RP0=0, select bank0
  1842     03D5  1303               	bcf	3,6	;RP1=0, select bank0
  1843     03D6  1409               	bsf	9,0	;volatile
  1844     03D7                     l994:
  1845     03D7  3040               	movlw	64
  1846     03D8  00F2               	movwf	??_buzz+2
  1847     03D9  306A               	movlw	106
  1848     03DA  00F1               	movwf	??_buzz+1
  1849     03DB  3097               	movlw	151
  1850     03DC  00F0               	movwf	??_buzz
  1851     03DD                     u1087:
  1852     03DD  0BF0               	decfsz	??_buzz,f
  1853     03DE  2BDD               	goto	u1087
  1854     03DF  0BF1               	decfsz	??_buzz+1,f
  1855     03E0  2BDD               	goto	u1087
  1856     03E1  0BF2               	decfsz	??_buzz+2,f
  1857     03E2  2BDD               	goto	u1087
  1858     03E3  2BE4               	nop2
  1859     03E4                     l996:
  1860     03E4  1283               	bcf	3,5	;RP0=0, select bank0
  1861     03E5  1303               	bcf	3,6	;RP1=0, select bank0
  1862     03E6  1009               	bcf	9,0	;volatile
  1863     03E7                     l998:
  1864     03E7  3040               	movlw	64
  1865     03E8  00F2               	movwf	??_buzz+2
  1866     03E9  306A               	movlw	106
  1867     03EA  00F1               	movwf	??_buzz+1
  1868     03EB  3097               	movlw	151
  1869     03EC  00F0               	movwf	??_buzz
  1870     03ED                     u1097:
  1871     03ED  0BF0               	decfsz	??_buzz,f
  1872     03EE  2BED               	goto	u1097
  1873     03EF  0BF1               	decfsz	??_buzz+1,f
  1874     03F0  2BED               	goto	u1097
  1875     03F1  0BF2               	decfsz	??_buzz+2,f
  1876     03F2  2BED               	goto	u1097
  1877     03F3  2BF4               	nop2
  1878     03F4                     l110:
  1879     03F4  0008               	return
  1880     03F5                     __end_of_buzz:
  1881     0002                     ___latbits      equ	2
  1882     007E                     btemp           set	126	;btemp
  1883     007E                     wtemp0          set	126
  1884                           
  1885                           	psect	config
  1886                           
  1887                           ;Config register CONFIG @ 0x2007
  1888                           ;	Oscillator Selection bits
  1889                           ;	FOSC = HS, HS oscillator
  1890                           ;	Watchdog Timer Enable bit
  1891                           ;	WDTE = OFF, WDT disabled
  1892                           ;	Power-up Timer Enable bit
  1893                           ;	PWRTE = ON, PWRT enabled
  1894                           ;	Brown-out Reset Enable bit
  1895                           ;	BOREN = ON, BOR enabled
  1896                           ;	Low-Voltage (Single-Supply) In-Circuit Serial Programming Enable bit
  1897                           ;	LVP = OFF, RB3 is digital I/O, HV on MCLR must be used for programming
  1898                           ;	Data EEPROM Memory Code Protection bit
  1899                           ;	CPD = OFF, Data EEPROM code protection off
  1900                           ;	Flash Program Memory Write Enable bits
  1901                           ;	WRT = OFF, Write protection off; all program memory may be written to by EECON control
  1902                           ;	In-Circuit Debugger Mode bit
  1903                           ;	DEBUG = 0x1, unprogrammed default
  1904                           ;	Flash Program Memory Code Protection bit
  1905                           ;	CP = OFF, Code protection off
  1906     2007                     	org	8199
  1907     2007  3F72               	dw	16242

Data Sizes:
    Strings     0
    Constant    0
    Data        0
    BSS         6
    Persistent  0
    Stack       0

Auto Spaces:
    Space          Size  Autos    Used
    COMMON           14     10      11
    BANK0            80      0       5
    BANK1            80      0       0
    BANK3            96      0       0
    BANK2            96      0       0

Pointer List with Targets:

    None.

Critical Paths under _main in COMMON

    _main->_check_password
    _check_password->_send

Critical Paths under _main in BANK0

    None.

Critical Paths under _main in BANK1

    None.

Critical Paths under _main in BANK3

    None.

Critical Paths under _main in BANK2

    None.

Call Graph Tables:

 ---------------------------------------------------------------------------------
 (Depth) Function   	        Calls       Base Space   Used Autos Params    Refs
 ---------------------------------------------------------------------------------
 (0) _main                                                 3     3      0     192
                                              7 COMMON     3     3      0
                     _check_password
                               _send
 ---------------------------------------------------------------------------------
 (1) _check_password                                       3     3      0      96
                                              4 COMMON     3     3      0
                               _buzz
                               _send
 ---------------------------------------------------------------------------------
 (1) _send                                                 4     3      1      96
                                              0 COMMON     4     3      1
 ---------------------------------------------------------------------------------
 (2) _buzz                                                 3     3      0       0
                                              0 COMMON     3     3      0
 ---------------------------------------------------------------------------------
 Estimated maximum stack depth 2
 ---------------------------------------------------------------------------------

 Call Graph Graphs:

 _main (ROOT)
   _check_password
     _buzz
     _send
   _send

Address spaces:
Name               Size   Autos  Total    Usage
BITCOMMON           14      0       0      0.0%
BITBANK0            80      0       0      0.0%
BITBANK1            80      0       0      0.0%
BITBANK3            96      0       0      0.0%
BITBANK2            96      0       0      0.0%
COMMON              14     10      11     78.6%
BANK0               80      0       5      6.2%
BANK1               80      0       0      0.0%
BANK3               96      0       0      0.0%
BANK2               96      0       0      0.0%
STACK                0      0       0      0.0%
DATA                 0      0      16      0.0%


Microchip Technology PIC Macro Assembler V2.50 build 20240725155939 
Symbol Table                                                                                   Wed Sep 16 22:33:01 2026

                     l60 05E2                       l54 0536                       l64 0610  
                     l49 041A                       l90 0766                       l83 0700  
                     l75 06A4                       l68 063E                       l93 07F0  
                     l94 0794                       l79 06D2                       l98 07C2  
                    l110 03F4                      l980 03F6                      l990 03D1  
                    l982 03FA                      l992 03D4                      l984 0404  
                    l994 03D7                      l986 0405                      l996 03E4  
                    l988 040E                      l998 03E7                      _RB1 0031  
                    _RC0 0038                      _RB2 0032                      _RC1 0039  
                    _RB3 0033                      _RC2 003A                      _RB4 0034  
                    _RB5 0035                      _RB6 0036                      _RE0 0048  
                    _RB7 0037                      u500 05B9                      u501 05B8  
                    u430 0401                      u510 05DC                      u431 03FD  
                    u511 05DB                      u600 066B                      u520 05E6  
                    u601 066A                      u521 05E5                      u450 0423  
                    u610 0675                      u530 05EC                      u451 0422  
                    u611 0674                      u531 05EB                      u444 0404  
                    u460 0429                      u700 0704                      u620 067B  
                    u540 060F                      u461 0428                      u701 0703  
                    u621 067A                      u541 060E                      u470 042F  
                    u710 070A                      u630 069E                      u550 0614  
                    u471 042E                      u711 0709                      u631 069D  
                    u551 0613                      u480 0435                      u800 079E  
                    u720 072D                      u640 06A8                      u560 061A  
                    u481 0434                      u801 079D                      u721 072C  
                    u641 06A7                      u561 0619                      u810 07C1  
                    u730 0737                      u650 06AE                      u570 063D  
                    u490 05B3                      u811 07C0                      u731 0736  
                    u651 06AD                      u571 063C                      u491 05B2  
                    u820 07C6                      u740 073D                      u660 06D1  
                    u580 0642                      u821 07C5                      u741 073C  
                    u661 06D0                      u581 0641                      u830 07CC  
                    u750 0760                      u670 06D6                      u590 0648  
                    u831 07CB                      u751 075F                      u671 06D5  
                    u591 0647                      u840 07EF                      u760 076A  
                    u680 06DC                      u841 07EE                      u761 0769  
                    u681 06DB                      u770 0770                      u690 06FF  
                    u771 076F                      u691 06FE                      u907 05CF  
                    u780 0793                      u781 0792                      u917 0602  
                    u790 0798                      u791 0797                      u927 0630  
                    u937 065E                      u857 0545                      u947 0691  
                    u867 0557                      u957 06C4                      u877 0567  
                    u967 06F2                      u887 0577                      u977 0720  
                    u897 0595                      u987 0753                      u997 0786  
                    fsr0 0004                      indf 0000                     l1000 041B  
                   l1010 043C                     l1002 0423           _check_password 041B  
                   l1020 0464                     l1012 0445                     l1004 0429  
                   l1100 058A                     l1030 048C                     l1022 046C  
                   l1014 044C                     l1006 042F                     l1110 05A7  
                   l1102 0591                     l1040 04B4                     l1032 0495  
                   l1024 0474                     l1016 0454                     l1008 0435  
                   l1200 06A8                     l1120 05AF                     l1112 05A9  
                   l1104 059A                     l1050 04DC                     l1042 04BC  
                   l1034 049C                     l1026 047C                     l1018 045C  
                   l1202 06AE                     l1210 06CB                     l1130 05C9  
                   l1122 05B3                     l1114 05AA                     l1106 05A1  
                   l1060 0504                     l1052 04E4                     l1044 04C4  
                   l1036 04A4                     l1028 0485                     l1300 07DC  
                   l1220 06EA                     l1204 06B6                     l1140 05F4  
                   l1124 05B9                     l1132 05D6                     l1116 05AD  
                   l1108 05A5                     l1070 0516                     l1062 050C  
                   l1054 04EC                     l1046 04CC                     l1038 04AC  
                   l1302 07E9                     l1230 070A                     l1222 06EC  
                   l1214 06D6                     l1206 06BC                     l1150 0614  
                   l1142 05FA                     l1134 05DC                     l1126 05C1  
                   l1118 05AE                     l1072 0517                     l1056 04F4  
                   l1048 04D4                     l1064 0511                     l1232 0712  
                   l1216 06DC                     l1224 06F9                     l1208 06BE  
                   l1152 061A                     l1160 0637                     l1144 05FC  
                   l1136 05E6                     l1128 05C7                     l1080 0537  
                   l1074 0518                     l1066 0512                     l1058 04FC  
                   l1250 0737                     l1234 0718                     l1218 06E4  
                   l1242 072E                     l1170 0656                     l1154 0622  
                   l1138 05EC                     l1146 0609                     l1090 0563  
                   l1082 053F                     l1076 0519                     l1068 0515  
                   l1252 073D                     l1260 075A                     l1244 0731  
                   l1236 071A                     l1228 0704                     l1180 066F  
                   l1172 0658                     l1164 0642                     l1156 0628  
                   l1092 056C                     l1084 054C                     l1078 052D  
                   l1270 077E                     l1262 0760                     l1254 0745  
                   l1246 0732                     l1238 0727                     l1190 0683  
                   l1182 0670                     l1166 0648                     l1174 0665  
                   l1158 062A                     l1094 0573                     l1086 0553  
                   l1280 079E                     l1272 0780                     l1264 076A  
                   l1256 074B                     l1248 0733                     l1192 0689  
                   l1184 0671                     l1168 0650                     l1096 057C  
                   l1088 055C                     l1282 07A6                     l1266 0770  
                   l1274 078D                     l1258 074D                     l1194 068B  
                   l1186 0675                     l1178 066C                     l1098 0583  
                   l1292 07C6                     l1284 07AC                     l1268 0778  
                   l1188 067B                     l1196 0698                     l1294 07CC  
                   l1286 07AE                     l1278 0798                     l1198 069E  
                   l1296 07D4                     l1288 07BB                     l1298 07DA  
                   u1007 07B4                     u1017 07E2                     u1027 0440  
                   u1037 0490                     u1047 051F                     u1057 0531  
                   u1067 040A                     u1077 0415                     u1087 03DD  
                   u1097 03ED                     _main 0537                     _buzz 03D1  
                   _send 03F5                     btemp 007E                     start 0000  
                  ?_main 0070                    ?_buzz 0070                    ?_send 0070  
                  _PORTC 0007                    _PORTD 0008                    _TRISB 0086  
                  _TRISC 0087                    _TRISD 0088                    _TRISE 0089  
 __end_of_check_password 0537                    status 0003                    wtemp0 007E  
        __initialization 07F4             __end_of_main 07F4             __end_of_buzz 03F5  
           __end_of_send 041B                   ??_main 0077                   ??_buzz 0070  
                 ??_send 0071          ?_check_password 0070                   _ADCON1 009F  
                 _letter 0020                   send@rs 0070  __end_of__initialization 07FC  
         __pcstackCOMMON 0070               __pbssBANK0 0020               __pmaintext 0537  
                __ptext1 041B                  __ptext2 03F5                  __ptext3 03D1  
       ??_check_password 0074     end_of_initialization 07FC      start_initialization 07F4  
            __pbssCOMMON 007A                ___latbits 0002             _letter_index 007A  
              send@value 0073               _OPTION_REG 0081  
